Company,Phone,City,State,Power Units,Status,Tag,Call_Attempts,Last_Called
DURAN TRUCKING EXPRESS LLC,(415) 685-1486,,,1,,,0,
IZX LLC,(305) 904-1583,TALLAHASSEE,FL,1,,ACTIVE SMALL FLEET,0,
COMBAT INFANTRY TRUCKING CORP,(917) 673-0431,FAIR LAWN,NJ,2,,ACTIVE SMALL FLEET,0,
SENAY EXPRESS LLC,(469) 639-5876,ANNA,TX,2,,ACTIVE SMALL FLEET,0,
KINJAY AUTO TRANSPORT LLC,(469) 231-6937,MCKINNEY,TX,1,,ACTIVE SMALL FLEET,0,
ALL ABOUT MODULAR SERVICE LLC,(407) 300-7315,CHARLOTTE,NC,1,,ACTIVE SMALL FLEET,0,
AXELS TRUCKING LLC,(270) 668-3407,HARDINSBURG,KY,1,,ACTIVE SMALL FLEET,0,
LUO YANG EXPRESS INC,(626) 763-7311,WALNUT,CA,1,,ACTIVE SMALL FLEET,0,
THHB LLC,(469) 605-9200,GARLAND,TX,2,,ACTIVE SMALL FLEET,0,
JMD CARGO INC,(951) 377-3636,LA HABRA,CA,1,,ACTIVE SMALL FLEET,0,
BROOKE TRUCKING INC,(501) 710-1416,NORTH LITTLE ROCK,AR,1,,ACTIVE SMALL FLEET,0,
HRM LOGISTICS LIMITED,(314) 719-7241,PATASKALA,OH,2,,ACTIVE SMALL FLEET,0,
MM MOVEMENT LOGISTICS LLC,(740) 789-9115,WESTERVILLE,OH,1,,ACTIVE SMALL FLEET,0,
SPEED ON SERVICES CORPORATION,(786) 302-4080,HIALEAH,FL,1,,ACTIVE SMALL FLEET,0,
CES LOGISTICS LLC,(267) 266-9512,PHILADELPHIA,PA,1,,ACTIVE SMALL FLEET,0,
ABF LOGISTICS LLC,(614) 999-3043,COLUMBUS,OH,0,,ACTIVE SMALL FLEET,0,
SHALLEN TRUKING LLC,(740) 572-1554,WASHINGTON COURT HOUSE,OH,1,,ACTIVE SMALL FLEET,0,
BOXCAR INC,(908) 485-7275,CHATHAM,NJ,1,,ACTIVE SMALL FLEET,0,
CARGO CARRIER LLC,(253) 656-9425,SUMNER,WA,1,,ACTIVE SMALL FLEET,0,
D2V EXPRESS CORP,(347) 519-1252,SHICKSHINNY,PA,1,,ACTIVE SMALL FLEET,0,
GOLEY LOGISTICS LLC,(380) 210-8407,COLUMBUS,OH,1,,ACTIVE SMALL FLEET,0,
FULL CIRCLE LOGISTICAL SOLUTIONS LLC,(980) 580-4400,HUNTERSVILLE,NC,1,,ACTIVE SMALL FLEET,0,
2ND2NUNN TRANSPORT SERVICES LLC,(336) 488-2931,STATESVILLE,NC,1,,ACTIVE SMALL FLEET,0,
A&D EXCAVATING LLC,(701) 330-7123,LARIMORE,ND,2,,ACTIVE SMALL FLEET,0,
SYMPHONIC LOGISTICS LLC,(813) 680-0106,SAINT PETERSBURG,FL,1,,ACTIVE SMALL FLEET,0,
PRIMETIME TRANSPORTER LLC,(916) 821-9700,HOUSTON,TX,1,,ACTIVE SMALL FLEET,0,
BUCHON TRANSPORT LLC,(408) 465-6410,GILROY,CA,2,,ACTIVE SMALL FLEET,0,
MK TRUCKING CORP,(305) 414-9496,MIAMI,FL,1,,ACTIVE SMALL FLEET,0,
WHITE BEARD LOGISTICS LLC,(503) 344-8425,PORTLAND,OR,1,,ACTIVE SMALL FLEET,0,
STAR BOYS TRUCKING LLC,(210) 721-8779,CIBOLO,TX,1,,ACTIVE SMALL FLEET,0,
FTD AUTO LLC - TOWING,(630) 901-4020,BARTLETT,IL,1,,ACTIVE SMALL FLEET,0,
DGGO EXPRESS INC,(779) 702-1154,PLAINFIELD,IL,1,,ACTIVE SMALL FLEET,0,
ONROUTE LOGISTICS LLP,(317) 340-0269,INDIANAPOLIS,IN,1,,ACTIVE SMALL FLEET,0,
ESSEX FREIGHTS LLC,(516) 590-5471,SYOSSET,NY,1,,ACTIVE SMALL FLEET,0,
JB TRANSLINE INC,(559) 304-0459,FRESNO,CA,2,,ACTIVE SMALL FLEET,0,
OUTTHEBOX TRUCKING LLC,(931) 980-6820,CLARKSVILLE,TN,1,,ACTIVE SMALL FLEET,0,
KESAR TRANS INC,(707) 334-0296,FAIRFIELD,CA,1,,ACTIVE SMALL FLEET,0,
AD TEXAS TRANSPORTATIONS LLC,(786) 531-6990,BROOKESMITH,TX,2,,ACTIVE SMALL FLEET,0,
DARMINIC ALEXANDER'S TRUCKING LLC,(502) 489-7409,LOUISVILLE,KY,1,,ACTIVE SMALL FLEET,0,
STB LOGISTIC LLC,(786) 224-9397,MONTGOMERY,AL,1,,ACTIVE SMALL FLEET,0,
RAPID ROUTE TRANSPORTS LLC,(585) 420-8672,LAS VEGAS,NV,1,,ACTIVE SMALL FLEET,0,
MAJHA TRANSLINE INC,(510) 714-6011,FRESNO,CA,1,,ACTIVE SMALL FLEET,0,
JAX CAR HAULING LLC,(904) 576-8748,HILLIARD,FL,1,,ACTIVE SMALL FLEET,0,
BLUE SHIELD CARRIERS LLC,(224) 562-0882,ROUND LAKE,IL,1,,ACTIVE SMALL FLEET,0,
JS TRANSPORT LINE INC,(559) 916-6733,FRESNO,CA,1,,ACTIVE SMALL FLEET,0,
TEN DOWN WJ,(919) 443-9869,DURHAM,NC,0,,ACTIVE SMALL FLEET,0,
MUSOFIR INC,(347) 306-3638,PHILADELPHIA,PA,1,,ACTIVE SMALL FLEET,0,
VALERIAN IULIAN BUDIANU,(971) 271-9617,BORING,OR,1,,ACTIVE SMALL FLEET,0,
ONSOLUTIONS LLC,(904) 392-5717,HAMPSHIRE,TN,1,,ACTIVE SMALL FLEET,0,
SMART TRUCKING FLEET INC,(562) 410-2009,FRESNO,CA,2,,ACTIVE SMALL FLEET,0,
JCPIC TRUCKING COMPANY LLC,(510) 301-5502,RICHMOND,TX,1,,ACTIVE SMALL FLEET,0,
SPEED CARGO LLC,(559) 803-3310,FRANKLIN,IN,1,,ACTIVE SMALL FLEET,0,
DDN LLC,(314) 830-8081,SAINT LOUIS,MO,0,,ACTIVE SMALL FLEET,0,
HIGH CLASS LOGISTICS LLC,(347) 520-1517,MIDDLETOWN,PA,1,,ACTIVE SMALL FLEET,0,
E COSTA LOGISTICS LLC,(843) 333-1184,MYRTLE BEACH,SC,2,,ACTIVE SMALL FLEET,0,
J MCCASKEY TRUCKING INC,(724) 495-9454,NEW BRIGHTON,PA,2,,ACTIVE SMALL FLEET,0,
V2B LOGISTICS LLC,(407) 821-8830,SORRENTO,FL,1,,ACTIVE SMALL FLEET,0,
WADAN EXPRESS LOGISTICS LLC,(726) 888-2001,SAN ANTONIO,TX,2,,ACTIVE SMALL FLEET,0,
HIGHER VIBRATIONS LOGISTICS LLC,(219) 238-4263,HAMMOND,IN,1,,ACTIVE SMALL FLEET,0,
BTM2020 INC,(347) 775-8758,ALBRIGHTSVILLE,PA,2,,ACTIVE SMALL FLEET,0,
DYNASTY LOGISTIC SOLUTIONS LLC,(224) 575-8435,STREAMWOOD,IL,1,,ACTIVE SMALL FLEET,0,
DOBBINS BROTHERS LLC,(734) 560-0169,WAYNE,MI,1,,ACTIVE SMALL FLEET,0,
MOVEFREIGHT TRANSPORTATION INC,(945) 299-0416,EL DORADO HILLS,CA,1,,ACTIVE SMALL FLEET,0,
TULEEN INC,(650) 307-7769,S SAN FRANCISCO,CA,1,,ACTIVE SMALL FLEET,0,
SEMO FREIGHT LLC,(573) 724-0091,HAYTI,MO,1,,ACTIVE SMALL FLEET,0,
TIDWELL TRANSPORTS & LOGISTICS LLC,(936) 955-0413,LUFKIN,TX,1,,ACTIVE SMALL FLEET,0,
ASL1 TRUCKING LLC,(470) 300-9818,HIRAM,GA,2,,ACTIVE SMALL FLEET,0,
ADAS TRANSPORT LLC,(973) 862-9796,CLEMENTON,NJ,1,,ACTIVE SMALL FLEET,0,
SANTANDER INTERNATIONAL LLC,(201) 955-8069,BRICK,NJ,0,,ACTIVE SMALL FLEET,0,
TTRENO INC,(562) 712-8732,EL MONTE,CA,1,,ACTIVE SMALL FLEET,0,
OMARY SHABANI,(832) 921-2652,HUMBLE,TX,1,,ACTIVE SMALL FLEET,0,
JDT TRANSPORTATION LLC,(571) 491-9209,MANASSAS,VA,1,,ACTIVE SMALL FLEET,0,
KADD TRANSPORTATION LLC,(562) 685-6835,LONG BEACH,CA,1,,ACTIVE SMALL FLEET,0,
J&J CARGOVAN LLC,(445) 304-7400,PHILADELPHIA,PA,1,,ACTIVE SMALL FLEET,0,
BABA DEEP SINGH XPRESS TRANS INC,(916) 502-7578,SANTA ROSA,CA,1,,ACTIVE SMALL FLEET,0,
VAR TRANSPORT INC,(916) 279-8761,SACRAMENTO,CA,1,,ACTIVE SMALL FLEET,0,
GTA GROUP LLC,(425) 472-7890,PUYALLUP,WA,1,,ACTIVE SMALL FLEET,0,
PS FREIGHT LLC,(317) 730-2605,BARGERSVILLE,IN,1,,ACTIVE SMALL FLEET,0,
PR TRUCKLINE INC,(559) 552-2655,FRESNO,CA,2,,ACTIVE SMALL FLEET,0,
EFG TRUCKING LLC,(330) 720-3493,NORTH GEORGETOWN,OH,2,,ACTIVE SMALL FLEET,0,
G PHOENIX LOGISTIC LLC,(806) 570-6407,PRESIDIO,TX,1,,ACTIVE SMALL FLEET,0,
ZJBL LOGISTICS INC,(626) 565-5699,MONTEREY PARK,CA,2,,ACTIVE SMALL FLEET,0,
RAIN CITY DELIVERIES LLC,(206) 484-1236,LYNNWOOD,WA,1,,ACTIVE SMALL FLEET,0,
ICE BOX LOGISTICS INC,(424) 444-4347,NORTH HOLLYWOOD,CA,1,,ACTIVE SMALL FLEET,0,
TGMK TRUCKING LLC,(817) 822-8465,MIDLOTHIAN,TX,2,,ACTIVE SMALL FLEET,0,
O&R TRANSPORTING LLC,(813) 669-8063,PORT RICHEY,FL,1,,ACTIVE SMALL FLEET,0,
SERENITY LOGISTICS & FREIGHT SERVICES LLC,(731) 431-6916,OLIVE BRANCH,MS,1,,ACTIVE SMALL FLEET,0,
BLUESTAR ROADLINE INC,(559) 274-7344,FRESNO,CA,1,,ACTIVE SMALL FLEET,0,
NEAL LOGISTICS LLC,(737) 484-7199,AUSTIN,TX,1,,ACTIVE SMALL FLEET,0,
D NAP ENTERPRISES LLC,(409) 423-0578,JASPER,TX,1,,ACTIVE SMALL FLEET,0,
M&A HIDES LLC,(308) 383-6062,AURORA,NE,2,,ACTIVE SMALL FLEET,0,
AK LOGISTICS INC,(909) 991-0631,FONTANA,CA,1,,ACTIVE SMALL FLEET,0,
2E LOGISTICS LLC,(864) 376-8077,SPARTANBURG,SC,1,,ACTIVE SMALL FLEET,0,
BIBRA TRANS INC,(559) 776-1267,KINGSBURG,CA,1,,ACTIVE SMALL FLEET,0,
RJ3 ENTERPRISES INC,(786) 506-2405,MIRAMAR,FL,1,,ACTIVE SMALL FLEET,0,
WHODAT LLC,(505) 334-5541,FARMINGTON,NM,2,,ACTIVE SMALL FLEET,0,
C I B TRUCKING CORP,(910) 249-2310,CLINTON,NC,2,,ACTIVE SMALL FLEET,0,
CAUGH TRUCKING LLC,(571) 239-7659,VIRGINIA BEACH,VA,1,,ACTIVE SMALL FLEET,0,
AASA TRANSPORT LLC,(760) 208-2056,CALEXICO,CA,1,,ACTIVE SMALL FLEET,0,
H&L TRUCKING EXPRESS CORP,(305) 322-9014,HENDERSONVILLE,TN,1,,ACTIVE SMALL FLEET,0,
KOZMIC ROUTE LOGISTICS LLC,(440) 616-0717,LORAIN,OH,1,,ACTIVE SMALL FLEET,0,
DA TEAM INC,(224) 275-3617,WHEELING,IL,2,,ACTIVE SMALL FLEET,0,
RUDRAH CARRIER CORP,(414) 275-9846,INDIANAPOLIS,IN,2,,ACTIVE SMALL FLEET,0,
GATESWAY EXPRESS LLC,(404) 964-2247,LOCUST GROVE,GA,2,,ACTIVE SMALL FLEET,0,
BTL TRUCKING LLC,(815) 383-4134,CLIFTON,IL,1,,ACTIVE SMALL FLEET,0,
DAVID BROWN TRUCKING LLC,(423) 612-2383,JONESBOROUGH,TN,1,,ACTIVE SMALL FLEET,0,
EXPEDITE MOVING TRANSPORT INC,(310) 626-4626,LOS ANGELES,CA,1,,ACTIVE SMALL FLEET,0,
NETHERTON TRUCKING LLC,(931) 644-3323,TOMPKINSVILLE,KY,1,,ACTIVE SMALL FLEET,0,
WIDOWMAKER TRUCKING LLC,(641) 680-8129,WAYLAND,IA,1,,ACTIVE SMALL FLEET,0,
FIRST BAKHT LOGISTIC LLC,(713) 306-6753,PITTSBURGH,PA,1,,ACTIVE SMALL FLEET,0,
5RIVERS LOGISTICS INC,(804) 325-6048,RICHMOND,VA,2,,ACTIVE SMALL FLEET,0,
GORAYA TRANSPORTATION INC,(201) 912-1918,GREENWOOD,IN,1,,ACTIVE SMALL FLEET,0,
EZK SERVICES LLC,(717) 460-7915,HALIFAX,PA,2,,ACTIVE SMALL FLEET,0,
ROUTE 25K INC,(631) 294-4924,PATCHOGUE,NY,1,,ACTIVE SMALL FLEET,0,
VELVE TRANSPORT LLC,(407) 367-9103,ORLANDO,FL,1,,ACTIVE SMALL FLEET,0,
ENOGA LLC,(346) 933-0535,LUBBOCK,TX,1,,ACTIVE SMALL FLEET,0,
VENOU TRANSPORTATION LLC,(561) 577-3706,PORT SAINT LUCIE,FL,1,,ACTIVE SMALL FLEET,0,
B & E ENTERPRISE LLC,(720) 572-0399,FORT LUPTON,CO,1,,ACTIVE SMALL FLEET,0,
HECTOR BAUTISTA,(661) 718-9085,BAKERSFIELD,CA,1,,ACTIVE SMALL FLEET,0,
BPNP LOGISTICS LLC,(432) 999-2504,ODESSA,TX,1,,ACTIVE SMALL FLEET,0,
DHANOA TRANS INC,(226) 898-9525,,,2,,ACTIVE SMALL FLEET,0,
IS TRANSPORT LLC,(816) 944-3333,KANSAS CITY,KS,1,,ACTIVE SMALL FLEET,0,
OUSAMA ALBOUSH,(475) 201-4704,ORANGE,CT,1,,ACTIVE SMALL FLEET,0,
DRAGON SKY TRANSPORTS LLC,(704) 294-0860,GASTONIA,NC,2,,ACTIVE SMALL FLEET,0,
TRU TREK TRUCKING LLC,(409) 497-6066,SANTA FE,TX,1,,ACTIVE SMALL FLEET,0,
JLP CIVIL INC,(443) 553-6922,ELKTON,MD,1,,ACTIVE SMALL FLEET,0,
PHILIPPIANS 4 13 TRANSPORT LLC,(432) 214-9056,ELKO,NV,1,,ACTIVE SMALL FLEET,0,
JUMPING JAX LLC,(513) 678-5225,CINCINNATI,OH,1,,ACTIVE SMALL FLEET,0,
BAM'S TOWING SOLUTION LLC,(270) 938-9839,RUSSELLVILLE,KY,1,,ACTIVE SMALL FLEET,0,
PAULINO DIAZ,(714) 425-3808,TECOPA,CA,1,,ACTIVE SMALL FLEET,0,
NORTH STREAM EXPRESS INC,(937) 938-0534,LOVELAND,OH,1,,ACTIVE SMALL FLEET,0,
MUFASA CARGO LLC,(937) 768-2163,DAYTON,OH,1,,ACTIVE SMALL FLEET,0,
KT&M LOGISTICS LLC,(904) 763-9475,JACKSONVILLE,FL,1,,ACTIVE SMALL FLEET,0,
RIDENHOUR LOGISTICS LLC,(980) 202-9493,STANLEY,NC,1,,ACTIVE SMALL FLEET,0,
SJL MANAGEMENT LLC,(440) 417-2661,CONCORD TOWNSHIP,OH,1,,ACTIVE SMALL FLEET,0,
WERNER EXPRESS LLC,(701) 269-7269,JAMESTOWN,ND,1,,ACTIVE SMALL FLEET,0,
JAMES NATHANIEL CHATMAN,(615) 415-7949,SPRINGFIELD,TN,1,,ACTIVE SMALL FLEET,0,
TRUNORTH TRANSPORT LLC,(717) 222-2893,BETHEL,PA,1,,ACTIVE SMALL FLEET,0,
BRINGS SOLUTION LLC,(786) 299-4857,WINTER HAVEN,FL,1,,ACTIVE SMALL FLEET,0,
DOTA3 INC,(626) 991-7756,CHINO,CA,1,,ACTIVE SMALL FLEET,0,
MST 723 LLC,(845) 499-3573,AIRMONT,NY,1,,ACTIVE SMALL FLEET,0,
MEJIA-JAMES TRANSPORTATION LLC,(337) 300-4876,BEAUMONT,TX,1,,ACTIVE SMALL FLEET,0,
KESETE GHEBREBRHAN,(323) 352-6048,OAKLAND,CA,1,,ACTIVE SMALL FLEET,0,
DLV TRANSPORT LLC,(630) 525-1190,WEST CHICAGO,IL,1,,ACTIVE SMALL FLEET,0,
ABSOLUTE CARRIER SERVICE LLC,(336) 343-2899,BURLINGTON,NC,1,,ACTIVE SMALL FLEET,0,
A GLASS OF ART LLC,(321) 216-1223,ORLANDO,FL,1,,ACTIVE SMALL FLEET,0,
FREIGHT HAULERS LLC,(253) 878-6091,TACOMA,WA,1,,ACTIVE SMALL FLEET,0,
SILVANOS' LOGISTICS LLC,(760) 713-4110,VICTORVILLE,CA,1,,ACTIVE SMALL FLEET,0,
MIDWEST CARGO LLC,(612) 481-4394,SAINT CLOUD,MN,1,,ACTIVE SMALL FLEET,0,
BIG BOX CARRIER LLC,(864) 349-9067,SIMPSONVILLE,SC,1,,ACTIVE SMALL FLEET,0,
M7 RELIABLE TRANSPORTATION LLC,(909) 516-9518,MURRIETA,CA,1,,ACTIVE SMALL FLEET,0,
FIRST ONE TRANSPORT LLC,(832) 289-8510,CHANNELVIEW,TX,1,,ACTIVE SMALL FLEET,0,
FORWARD MOVEMENTS 1 LLC,(202) 292-0977,RICHMOND,VA,1,,ACTIVE SMALL FLEET,0,
SOUTHERN GLOBAL L L C,(318) 432-4555,MONROE,LA,1,,ACTIVE SMALL FLEET,0,
TJ TRUCK LINES INC,(929) 502-0808,SACRAMENTO,CA,1,,ACTIVE SMALL FLEET,0,
RFS TRANSPORT INC,(909) 609-5686,FONTANA,CA,1,,ACTIVE SMALL FLEET,0,
ACCELERATED TRUCKING LOGISTICS LLC,(601) 212-3601,JACKSON,MS,1,,ACTIVE SMALL FLEET,0,
VHN TRUCKING INC,(408) 813-9369,WEST VALLEY CITY,UT,1,,ACTIVE SMALL FLEET,0,
GRIGGS & SONS LLC,(860) 268-7529,ANDOVER,CT,1,,ACTIVE SMALL FLEET,0,
MY 3 LITTLE K'S TRANSPORTATION LLC,(706) 296-5671,HULL,GA,1,,ACTIVE SMALL FLEET,0,
BIC LOGISTICS LLC,(760) 558-9415,SAN JACINTO,CA,2,,ACTIVE SMALL FLEET,0,
787 FLOW TRUCKING LLC,(216) 808-3565,CLEVELAND,OH,1,,ACTIVE SMALL FLEET,0,
2825750 ONTARIO LTD,(716) 583-8672,,,1,,ACTIVE SMALL FLEET,0,
BEST ACTION TRANSPORTATION LLC,(828) 719-5149,FT PIERCE,FL,2,,ACTIVE SMALL FLEET,0,
PROLIFIC TRUCKING INC,(463) 701-7590,GREENWOOD,IN,1,,ACTIVE SMALL FLEET,0,
MAURER TRUCKING LLC,(717) 348-5353,MIFFLIN,PA,1,,ACTIVE SMALL FLEET,0,
MCGRIFFS LAWN CARE LLC,(850) 294-1957,HAVANA,FL,1,,ACTIVE SMALL FLEET,0,
BATTH TRUCK LINE INC,(669) 295-0069,BARGERSVILLE,IN,1,,ACTIVE SMALL FLEET,0,
GG MATOS LLC,(346) 490-9432,HOUSTON,TX,1,,ACTIVE SMALL FLEET,0,
TOUR ANGELS LLC,(702) 219-8765,LAS VEGAS,NV,1,,ACTIVE SMALL FLEET,0,
JAAM HAULING LLC,(559) 349-7352,FRESNO,CA,1,,ACTIVE SMALL FLEET,0,
K & A CARTER TRUCKING LLC,(518) 534-0991,PLATTSBURGH,NY,1,,ACTIVE SMALL FLEET,0,
APPLIANCE INSTALLATION PROFESSIONALS LLC,(832) 417-2658,SPRING,TX,2,,ACTIVE SMALL FLEET,0,
AMAANA EXPRESS LLC,(507) 319-1300,ROCHESTER,MN,1,,ACTIVE SMALL FLEET,0,
LOAM EXPRESS INC,(916) 694-9441,CINCINNATI,OH,1,,ACTIVE SMALL FLEET,0,
ANTWAN JENKINS TRANSPORT LLC,(803) 629-3172,COLUMBIA,SC,1,,ACTIVE SMALL FLEET,0,
DK CUSTOM HAULING LLC,(715) 214-5914,ELEVA,WI,1,,ACTIVE SMALL FLEET,0,
EN TRADE & LOGISTICS LLC,(470) 680-8181,CUMMING,GA,2,,ACTIVE SMALL FLEET,0,
MONARCH INC,(323) 864-6171,MAYWOOD,CA,1,,ACTIVE SMALL FLEET,0,
J & V GUARDIAN ANGEL LLC,(973) 855-7339,SUCCASUNNA,NJ,1,,ACTIVE SMALL FLEET,0,
SEVEN PEAKS TRANSPORT LLC,(801) 310-8652,OREM,UT,1,,ACTIVE SMALL FLEET,0,
2ND TRANSPORT LLC,(407) 256-1594,ORLANDO,FL,2,,ACTIVE SMALL FLEET,0,
NEW EARTH FARM LLC,(314) 329-7301,SAINT LOUIS,MO,1,,ACTIVE SMALL FLEET,0,
FALCON WEST EXPRESS LLC,(559) 704-5732,FRESNO,CA,1,,ACTIVE SMALL FLEET,0,
BOXSIR LOGISTICS LLC,(925) 621-0685,EULESS,TX,1,,ACTIVE SMALL FLEET,0,
OSI LOGISTICS INC,(305) 335-8114,MIAMI GARDENS,FL,1,,ACTIVE SMALL FLEET,0,
YASINI LOGISTICS INC,N/A,OAK LAWN,IL,1,,ACTIVE SMALL FLEET,0,
LARCIN EXPRESS LLC,(856) 383-5548,BURLINGTON,NJ,1,,ACTIVE SMALL FLEET,0,
GIODEME INC,(929) 492-9266,EASTON,PA,1,,ACTIVE SMALL FLEET,0,
RAMIRO TRANSPORTS LLC,(443) 877-8130,NOTTINGHAM,PA,1,,ACTIVE SMALL FLEET,0,
PATRY & LAM INC,(305) 915-4415,MIAMI,FL,2,,ACTIVE SMALL FLEET,0,
AUNTIE NEPHEWS TRANSPORT INC,(770) 689-7988,LITHONIA,GA,2,,ACTIVE SMALL FLEET,0,
DELIGHT GROUP LIMITED,(226) 984-7300,,,2,,ACTIVE SMALL FLEET,0,
ARRGAST CORP,(702) 479-9536,EL CAJON,CA,2,,ACTIVE SMALL FLEET,0,
NATIONAL HEAVY EQUIPMENT TRANSPORT LLC,(305) 725-9570,MIAMI,FL,1,,ACTIVE SMALL FLEET,0,
BS THIND INC,(559) 680-7948,FRESNO,CA,1,,ACTIVE SMALL FLEET,0,
NODE TRANSPORT LLC,(463) 294-5909,INDIANAPOLIS,IN,1,,ACTIVE SMALL FLEET,0,
FRAGMENT LLC,(929) 407-7202,COUNTRYSIDE,IL,1,,ACTIVE SMALL FLEET,0,
LEGIT TRANSPORT LLC,(856) 631-9448,BENSALEM,PA,1,,ACTIVE SMALL FLEET,0,
BETA LOGISTICS LLC,(317) 766-6493,EVANSVILLE,IN,1,,ACTIVE SMALL FLEET,0,
MDM TRUCKING,(817) 319-2902,FORT WORTH,TX,1,,ACTIVE SMALL FLEET,0,
DEVINE LOGISTICS LLC,(464) 210-0197,CALUMET CITY,IL,1,,ACTIVE SMALL FLEET,0,
VECTURA TM LLC,(412) 212-3092,NORTH VERSAILLES,PA,1,,ACTIVE SMALL FLEET,0,
DOUBLE ACES TRANSFER LLC,(276) 794-2655,SAC CITY,IA,1,,ACTIVE SMALL FLEET,0,
SAM ENTITY LLC,(317) 701-9921,INDIANAPOLIS,IN,0,,ACTIVE SMALL FLEET,0,
WILDMAN TRANSIT LLC,(540) 263-2464,RENO,NV,1,,ACTIVE SMALL FLEET,0,
COATESVILLE LOGISTICS COMPANY LLC,(832) 621-5412,HUMBLE,TX,1,,ACTIVE SMALL FLEET,0,
OPEN RHODES TRUCKING COMPANY,(951) 378-7213,TEMECULA,CA,1,,ACTIVE SMALL FLEET,0,
AROUND THE BLOQ LLC,(336) 290-4795,BURLINGTON,NC,1,,ACTIVE SMALL FLEET,0,
LOAD RUNNER LLC,(501) 690-1748,BEEBE,AR,1,,ACTIVE SMALL FLEET,0,
ILB LLC,(912) 401-4481,SAVANNAH,GA,1,,ACTIVE SMALL FLEET,0,
MAYA04 TRUCKING LLC,(561) 260-1821,PORT SAINT LUCIE,FL,1,,ACTIVE SMALL FLEET,0,
DANNY COSBY,(205) 473-4822,PELL CITY,AL,1,,ACTIVE SMALL FLEET,0,
KARENNI TRANSPORT LLC,(336) 940-7573,CLEMMONS,NC,1,,ACTIVE SMALL FLEET,0,
C2C AUTO TRANSPORT INC,(786) 965-3348,AUSTIN,TX,2,,ACTIVE SMALL FLEET,0,
TOP G EXPRESS LLC,(929) 633-0222,SAN ANTONIO,TX,1,,ACTIVE SMALL FLEET,0,
ROSA M LANDSCAPE INC,(305) 395-9287,CLEVELAND,TX,1,,ACTIVE SMALL FLEET,0,
BOX-DELIVERY LLC,(360) 551-5546,FEDERAL WAY,WA,1,,ACTIVE SMALL FLEET,0,
JOSH R LOEWEN,(530) 228-6354,SCIO,OR,1,,ACTIVE SMALL FLEET,0,
DIAZ RELIABLE SERVICES LLC,(813) 724-9710,VALRICO,FL,1,,ACTIVE SMALL FLEET,0,
S&P EXPRESS DELIVERY LLC,(803) 608-9056,WEST COLUMBIA,SC,1,,ACTIVE SMALL FLEET,0,
DOCKMINER INC,(312) 485-1783,BROOKFIELD,IL,1,,ACTIVE SMALL FLEET,0,
KC&S TRANSPORTATION INC,(913) 309-6666,OVERLAND PARK,KS,1,,ACTIVE SMALL FLEET,0,
GREWAL ROADKING INC,(661) 558-3281,FRESNO,CA,2,,ACTIVE SMALL FLEET,0,
STEADY LINE LLC,(503) 489-3782,GRESHAM,OR,1,,ACTIVE SMALL FLEET,0,
US FREIGHT SOLUTION LLC,(956) 219-1209,EDINBURG,TX,1,,ACTIVE SMALL FLEET,0,
J A S TRANSPORTS LLC,(720) 292-0267,DENVER,CO,1,,ACTIVE SMALL FLEET,0,
M&A TRANSPORT LLC,(205) 720-9436,HAYWARD,CA,1,,ACTIVE SMALL FLEET,0,
MPL TRANSPORT LLC,(650) 455-8561,SAN BRUNO,CA,1,,ACTIVE SMALL FLEET,0,
BATISTA TRANSPORT LLC,(505) 620-6399,LOS LUNAS,NM,2,,ACTIVE SMALL FLEET,0,
GOLDEN LEGACY TRANSPORTATION LLC,(909) 994-4019,KATY,TX,1,,ACTIVE SMALL FLEET,0,
TURNER TECHNOLOGIES LLC,(623) 583-4145,GLENDALE,AZ,1,,ACTIVE SMALL FLEET,0,
OFFICE PRO FURNITURE INSTALLERS LLC,(901) 647-9411,MEMPHIS,TN,2,,ACTIVE SMALL FLEET,0,
A & B TRUCKING LLC,(614) 908-5126,COLUMBUS,OH,1,,ACTIVE SMALL FLEET,0,
B&C EXPRESS LLC,(629) 256-9627,BOWLING GREEN,KY,1,,ACTIVE SMALL FLEET,0,
IN A MINUTE EXPRESS LLC,(629) 245-9780,ANTIOCH,TN,0,,ACTIVE SMALL FLEET,0,
SMOOVE TOWING & RECOVER LLC,(973) 474-0779,MARION,SC,1,,ACTIVE SMALL FLEET,0,
HARVEST TIME ENTERPRISES LLC,(323) 348-2819,LOS ANGELES,CA,1,,ACTIVE SMALL FLEET,0,
TBR TRUCKING LLC,(720) 935-4786,COMMERCE CITY,CO,1,,ACTIVE SMALL FLEET,0,
GNF EXPRESS TRANSPORTS LLC,(614) 515-8549,COLUMBUS,OH,1,,ACTIVE SMALL FLEET,0,
RAMFASTEXPRESS LLC,(859) 953-0797,LEXINGTON,KY,1,,ACTIVE SMALL FLEET,0,
BYD TRANSPORTATION INC,(267) 979-2505,SOUTHAMPTON,PA,1,,ACTIVE SMALL FLEET,0,
AB AND SONS TRUCKING INC,(815) 546-1877,LOCKPORT,IL,1,,ACTIVE SMALL FLEET,0,
GMW CONTRACTING LLC,(724) 344-2009,BENTLEYVILLE,PA,1,,ACTIVE SMALL FLEET,0,
ARDVIN GLOBAL LOGISTICS INC,(916) 980-7979,RANCHO CORDOVA,CA,1,,ACTIVE SMALL FLEET,0,
TY HICKS TRUCKING LLC,(984) 365-1867,DURHAM,NC,1,,ACTIVE SMALL FLEET,0,
GENESIS TRANSPORT AND ROADSIDE LLC,(951) 870-8297,CELINA,TX,1,,ACTIVE SMALL FLEET,0,
MAKOVSKI INC,(513) 518-2367,CINCINNATI,OH,1,,ACTIVE SMALL FLEET,0,
MONTEIRO'S TRANSPORTATION LLC,(401) 837-0192,JOHNSTON,RI,1,,ACTIVE SMALL FLEET,0,
LF LOGISTICS LLC,(205) 200-6072,ALICEVILLE,AL,1,,ACTIVE SMALL FLEET,0,
CUMMINGS CONSTRUCTION LLC,(606) 634-6373,WHITESBURG,KY,2,,ACTIVE SMALL FLEET,0,
UNITE TRANSPORT INC,(510) 931-3401,FRESNO,CA,2,,ACTIVE SMALL FLEET,0,
MY TRUCK TRANSPO LLC,(404) 695-8598,LOGANVILLE,GA,2,,ACTIVE SMALL FLEET,0,
NICKELS TRUCKING LLC,(304) 514-4379,WEST COLUMBIA,WV,1,,ACTIVE SMALL FLEET,0,
BOSSLADY TRANSPORTATION LLC,(810) 287-4670,FLINT,MI,1,,ACTIVE SMALL FLEET,0,
NEXT EQUIPMENT RENTALS LLC,(203) 232-5100,MIDDLEBURY,CT,2,,ACTIVE SMALL FLEET,0,
ROCKIN AW TRANSPORT LLC,(979) 250-3524,ROUND TOP,TX,1,,ACTIVE SMALL FLEET,0,
MEFI BOSET EXPRESS LLC,(305) 522-7468,HOMESTEAD,FL,1,,ACTIVE SMALL FLEET,0,
SWIFF T SERVICES LLC,(281) 770-0152,BEAUMONT,TX,1,,ACTIVE SMALL FLEET,0,
GCHAHAL TRANSPORT INC,(209) 662-3516,LATHROP,CA,1,,ACTIVE SMALL FLEET,0,
SOUTH AIKEN HAULING LLC,(803) 640-6398,AIKEN,SC,1,,ACTIVE SMALL FLEET,0,
GREEN LIGHT EXPRESS LLC,(480) 454-9801,GLENDALE,AZ,1,,ACTIVE SMALL FLEET,0,
LOGISTICS GIANT LLC,(770) 240-4953,ATLANTA,GA,1,,ACTIVE SMALL FLEET,0,
SONJA B MEDINA,(620) 640-1182,HOLCOMB,KS,1,,ACTIVE SMALL FLEET,0,
RODOLFO MONTES LEMUS,(702) 235-7278,LAS VEGAS,NV,2,,ACTIVE SMALL FLEET,0,
WILLISTICS LLC,(989) 251-3624,LANSING,MI,0,,ACTIVE SMALL FLEET,0,
TOS TRANS INC,(929) 884-3717,PHILADELPHIA,PA,1,,ACTIVE SMALL FLEET,0,
STONEFIRE TRANSPORT INC,(310) 895-1182,FRESNO,CA,1,,ACTIVE SMALL FLEET,0,
BOZA LOGISTICS LLC,(826) 205-5665,NORFOLK,VA,0,,ACTIVE SMALL FLEET,0,
DENNY'S SERVICES LLC,(574) 238-7069,GOSHEN,IN,1,,ACTIVE SMALL FLEET,0,
GLO BUS INC,(815) 474-0800,DOWNERS GROVE,IL,1,,ACTIVE SMALL FLEET,0,
ABLE & READY TRANSPORTATION INC,(615) 944-8509,FRANKLIN,TN,1,,ACTIVE SMALL FLEET,0,
FASHIONOVIA USA INC,(213) 819-8622,HACIENDA HEIGHTS,CA,1,,ACTIVE SMALL FLEET,0,
SUPREME CARRIER SERVICES CORP,(224) 601-8088,CHICAGO,IL,1,,ACTIVE SMALL FLEET,0,
TYLER J PALLOKAT,(315) 283-3817,SCIPIO,NY,1,,ACTIVE SMALL FLEET,0,
RODEEN TRUCKING LLC,N/A,WATERTOWN,SD,1,,ACTIVE SMALL FLEET,0,
INTEGRITY II LOGISTICS LLC,(832) 885-6194,HOUSTON,TX,1,,ACTIVE SMALL FLEET,0,
NUNOW CARRIER LLC,(612) 231-3639,SAINT CLOUD,MN,2,,ACTIVE SMALL FLEET,0,
RUNNING COYOTE LLC,(832) 971-1598,HOCKLEY,TX,1,,ACTIVE SMALL FLEET,0,
ALAYDI 1971 TRANSPORT LLC,(256) 227-5772,TRINITY,AL,1,,ACTIVE SMALL FLEET,0,
ULTRA INSTINCT TRANSPORT,(626) 213-6840,ARCADIA,CA,1,,ACTIVE SMALL FLEET,0,
DRZ TRANSPORT LLC,(815) 786-5163,DEKALB,IL,1,,ACTIVE SMALL FLEET,0,
MEANS TRUCKING LLC,(712) 899-2399,MARCUS,IA,1,,ACTIVE SMALL FLEET,0,
JOSAFAT SANCHEZ,(620) 640-8015,GARDEN CITY,KS,2,,ACTIVE SMALL FLEET,0,
GOLDEN MILE LLC,(513) 878-5151,MAINVILLE,OH,1,,ACTIVE SMALL FLEET,0,
LYNCH SERVICES INC,(260) 571-4187,WABASH,IN,1,,ACTIVE SMALL FLEET,0,
BUCEFALO TRANSPORTATION LLC,(520) 305-8585,TUCSON,AZ,1,,ACTIVE SMALL FLEET,0,
PRIME ROUTE INC,(347) 996-6176,DAYTON,OH,1,,ACTIVE SMALL FLEET,0,
DAK FERNANDEZ ENTERPRISES LLC,(716) 413-1449,DUNKIRK,NY,1,,ACTIVE SMALL FLEET,0,
MOH LLC,(206) 822-9991,SAINT PAUL,MN,2,,ACTIVE SMALL FLEET,0,
ZAO TRANSPORT LOGISTICS LLC,(973) 789-5429,BETHLEHEM,PA,1,,ACTIVE SMALL FLEET,0,
JSS HAUL CONNECTIONS LLC,(323) 898-8900,LOS ANGELES,CA,1,,ACTIVE SMALL FLEET,0,
BLACK SHEEP LOGISTICS LLC,N/A,HAZLETON,PA,1,,ACTIVE SMALL FLEET,0,
WHITLOCK MILLS LLC,(731) 336-4892,PARIS,TN,1,,ACTIVE SMALL FLEET,0,
SPA TRANSPORT LLC,(909) 530-5274,BLOOMINGTON,CA,1,,ACTIVE SMALL FLEET,0,
RRB TRANSPORT LLC,(424) 422-4339,BUENA PARK,CA,2,,ACTIVE SMALL FLEET,0,
M K FREIGHTWAYS INC,(559) 999-5302,FRESNO,CA,1,,ACTIVE SMALL FLEET,0,
615 TRANSPORT SERVICES LLC,(615) 540-4494,ANTIOCH,TN,2,,ACTIVE SMALL FLEET,0,
IJH INDUSTRIES LLC,(681) 238-0370,BECKLEY,WV,2,,ACTIVE SMALL FLEET,0,
BONAFIDE TRANSPORTATION LLC,(561) 768-8346,HINESVILLE,GA,2,,ACTIVE SMALL FLEET,0,
PURE VISION TRANSPORTATION LLC,(216) 333-2143,BROOKLYN,OH,1,,ACTIVE SMALL FLEET,0,
RZ EXPRESS LLC,(239) 699-2356,HOMESTEAD,FL,1,,ACTIVE SMALL FLEET,0,
JOHN E BALES,(805) 588-3451,PRATT,KS,1,,ACTIVE SMALL FLEET,0,
8AP TRANSPORT LLC,(717) 635-0590,MCALLEN,TX,1,,ACTIVE SMALL FLEET,0,
VCA FREMONT NE LLC,(531) 219-2562,FREMONT,NE,2,,ACTIVE SMALL FLEET,0,
JON SIBLEY TRUCKING LLC,(906) 364-2543,IRONWOOD,MI,1,,ACTIVE SMALL FLEET,0,
CODLINE EXPRESS LLC,(860) 308-9869,HARTFORD,CT,1,,ACTIVE SMALL FLEET,0,
A A TRANSPORTERS LLC,(530) 567-0264,COLUSA,CA,1,,ACTIVE SMALL FLEET,0,
ALASKA CAR CARRIER LLC,(786) 429-5556,HIALEAH,FL,2,,ACTIVE SMALL FLEET,0,
5S TRANSPORT LLC,(620) 214-1495,MODOC,KS,1,,ACTIVE SMALL FLEET,0,
BT TRANSIT OF OHIO LLC,(419) 618-8752,REPUBLIC,OH,2,,ACTIVE SMALL FLEET,0,
R S J TRANSPORTS LLC,(209) 620-2467,PATTERSON,CA,1,,ACTIVE SMALL FLEET,0,
DAURIA TRUCKING LLC,(716) 517-0211,BUFFALO,NY,2,,ACTIVE SMALL FLEET,0,
WARAN TRANSPORT INC,(408) 599-0283,MANTECA,CA,1,,ACTIVE SMALL FLEET,0,
JIMMY JAMES TRANSPORT A2Z LLC,(574) 993-1295,NORTH LIBERTY,IN,2,,ACTIVE SMALL FLEET,0,
ROADLINE LOGISTICS INC,(347) 874-1312,NAPERVILLE,IL,1,,ACTIVE SMALL FLEET,0,
BROOKS ELITE TRANSPORT LLC,(478) 406-3810,GRAY,GA,0,,ACTIVE SMALL FLEET,0,
COPP ENTERPRISES LLC,(715) 721-5327,UNITY,WI,1,,ACTIVE SMALL FLEET,0,
MCMILLAN LOGISTICS LLC,(334) 379-2021,DAVENPORT,FL,1,,ACTIVE SMALL FLEET,0,
ROADRUNNER LOGISTICS 98 LLC,(321) 662-7965,KISSIMMEE,FL,1,,ACTIVE SMALL FLEET,0,
SOG TRANSPORTATION LLC,(206) 919-3005,RENTON,WA,1,,ACTIVE SMALL FLEET,0,
JESUS ROMERO,(806) 202-7652,PERRYTON,TX,2,,ACTIVE SMALL FLEET,0,
SPARKY'S LOGISTICS LLC,(910) 920-5763,MOYOCK,NC,1,,ACTIVE SMALL FLEET,0,
BARIS TRUCKING LLC,(747) 319-0047,MORENO VALLEY,CA,1,,ACTIVE SMALL FLEET,0,
CV TRANSPORT LLC,N/A,CASPER,WY,2,,ACTIVE SMALL FLEET,0,
DSA TRUCKING LLC,(703) 864-4435,LEESBURG,VA,1,,ACTIVE SMALL FLEET,0,
TESSERACT TRUCKING,(562) 242-6716,LA HABRA,CA,1,,ACTIVE SMALL FLEET,0,
MICAH PERRY,(505) 644-6275,SIDNEY,NE,1,,ACTIVE SMALL FLEET,0,
HONG BO EXPRESS INC,(626) 905-9866,MONTEREY PARK,CA,1,,ACTIVE SMALL FLEET,0,
COOPERS TRUCKING AND HAULING LLC,(540) 353-3879,ROANOKE,VA,1,,ACTIVE SMALL FLEET,0,
MADERA TRUCKING LLC,(630) 697-8669,EAST CHICAGO,IN,2,,ACTIVE SMALL FLEET,0,
JB & WB LOGISTICS LLC,(484) 331-8616,READING,PA,1,,ACTIVE SMALL FLEET,0,
MDK TRANSPORT LLC,(509) 342-0436,AIRWAY HEIGHTS,WA,2,,ACTIVE SMALL FLEET,0,
ALESSANDRO MULTISERVICE LLC,(123) 927-8279,FORT MEYERS,FL,1,,ACTIVE SMALL FLEET,0,
TRIPLE M TRANSPORTATION LLC,(412) 301-6249,MC KEES ROCKS,PA,1,,ACTIVE SMALL FLEET,0,
UNITED CARGO CARRIER LLC,(609) 372-3150,HARRISBURG,PA,1,,ACTIVE SMALL FLEET,0,
ELKRIDGE TRANSPORT LLC,(360) 410-9657,EVERSON,WA,1,,ACTIVE SMALL FLEET,0,
GR DISPATCHER SERVICES LLC,(407) 541-9916,TAVARES,FL,1,,ACTIVE SMALL FLEET,0,
1R & T TRANSPORT LLC,(786) 843-6170,ORLANDO,FL,1,,ACTIVE SMALL FLEET,0,
OAKES TRUCKING LLC,(918) 625-8105,MANNFORD,OK,1,,ACTIVE SMALL FLEET,0,
DOWN HOME EXPRESS LLC,(386) 241-7713,KNOXVILLE,TN,1,,ACTIVE SMALL FLEET,0,
JK EMPIRE LLC,(407) 922-4467,KISSIMMEE,FL,1,,ACTIVE SMALL FLEET,0,
SWIFT MOVES LLC,(727) 501-3447,SAINT PETERSBURG,FL,1,,ACTIVE SMALL FLEET,0,
J&M AUTO MOBILE LLC,(445) 221-8821,MIDDELTOWN,PA,1,,ACTIVE SMALL FLEET,0,
BIG DAVE'S TRUCKING LLC,(501) 563-9001,LITTLE ROCK,AR,2,,ACTIVE SMALL FLEET,0,
OCEAN CONTAINERS LOGISTICS LLC,(209) 616-9489,LOTHROP,CA,1,,ACTIVE SMALL FLEET,0,
MOON LOGISTICS INC,(463) 444-1509,GREENWOOD,IN,1,,ACTIVE SMALL FLEET,0,
FRITZ HAULING LLC,(785) 214-1195,LOUISA,VA,1,,ACTIVE SMALL FLEET,0,
SHAWN'S FENCING LLC,(316) 214-5882,WICHITA,KS,1,,ACTIVE SMALL FLEET,0,
GA EXPRESS LLC,(501) 759-6166,LITTLE ROCK,AR,2,,ACTIVE SMALL FLEET,0,
JPW TRUCKING LLC,(405) 756-0414,TUTTLE,OK,1,,ACTIVE SMALL FLEET,0,
BADSAR TRANS CARRIER INC,(909) 961-6116,FRESNO,CA,1,,ACTIVE SMALL FLEET,0,
ARGO FREIGHT INC,(937) 500-9195,FRANKLIN,OH,2,,ACTIVE SMALL FLEET,0,
GENO EXPRESS LLC,(586) 876-6295,TROY,MI,1,,ACTIVE SMALL FLEET,0,
KYLE WESTLAKE,(308) 430-5281,HAY SPRINGS,NE,1,,ACTIVE SMALL FLEET,0,
A&G ROAD SERVICE LLC,(201) 204-2043,JERSEY CITY,NJ,1,,ACTIVE SMALL FLEET,0,
5 TAYLOR TRUCKING LLC,(276) 492-8760,GLADE SPRING,VA,1,,ACTIVE SMALL FLEET,0,
J&D TX LLC,(903) 285-8341,MOUNT PLEASANT,TX,1,,ACTIVE SMALL FLEET,0,
PICK UP AND GO TRUCKING LLC,(602) 545-9115,PHOENIX,AZ,2,,ACTIVE SMALL FLEET,0,
JACK OF ALL TRUCKS LLC,(267) 815-1148,PHILADELPHIA,PA,1,,ACTIVE SMALL FLEET,0,
KINGPIN TRUCKING LLC,(602) 486-3803,GLENDALE,AZ,2,,ACTIVE SMALL FLEET,0,
LEANID LAPATSKI,(916) 832-4212,SACRAMENTO,CA,1,,ACTIVE SMALL FLEET,0,
E OUTLET DEPOT LLC,(786) 309-8107,JACKSONVILLE,FL,1,,ACTIVE SMALL FLEET,0,
KEVIN DALE HORN,(530) 227-6514,LA PINE,OR,2,,ACTIVE SMALL FLEET,0,
CACHASFLOJAS LOGISTICS SERVICES LLC,(602) 888-1970,MESA,AZ,1,,ACTIVE SMALL FLEET,0,
VILLANUEVA EXPRESS LLC,(831) 774-3603,GUADALUPE,CA,1,,ACTIVE SMALL FLEET,0,
TMHG TRANSPORT LLC,(551) 381-3542,PISCATAWAY,NJ,1,,ACTIVE SMALL FLEET,0,
ARTFAST INC,(630) 659-4446,BUFFALO GROVE,IL,1,,ACTIVE SMALL FLEET,0,
G&L INC,(213) 587-0092,GLENDORA,CA,1,,ACTIVE SMALL FLEET,0,
MEWA TRANS LLC,(253) 878-0346,COVINGTON,WA,1,,ACTIVE SMALL FLEET,0,
THIN LINE SUPPLY INC,(877) 224-4880,MINIER,IL,1,,ACTIVE SMALL FLEET,0,
STOLEN HORSES EXPRESS LLC,(616) 881-7175,CHASE,MI,1,,ACTIVE SMALL FLEET,0,
RMM TRANSPORTATION INC,(515) 491-7967,DES MOINES,IA,2,,ACTIVE SMALL FLEET,0,
DALE MATTINGLY FARMS LLC,(270) 302-4872,SACRAMENTO,KY,1,,ACTIVE SMALL FLEET,0,
EXPORTIZ LOGISTICS LLC,(512) 558-1576,LOCKHART,TX,1,,ACTIVE SMALL FLEET,0,
REPE'S TRANSPORT INC,(661) 561-7612,BAKERSFIELD,CA,1,,ACTIVE SMALL FLEET,0,
956YJ LLC,(669) 649-9999,MONTEREY PARK,CA,1,,ACTIVE SMALL FLEET,0,
WHITE CITY FARMS AND TRUCKING LLC,(931) 304-4843,TRACY CITY,TN,1,,ACTIVE SMALL FLEET,0,
YOUR FREIGHT HAULERS LLC,(615) 390-1561,BAXTER,TN,1,,ACTIVE SMALL FLEET,0,
HC TRUCKING LLC,(515) 401-8663,ALLERTON,IA,1,,ACTIVE SMALL FLEET,0,
DNJ TRANSPORT LLC,(509) 584-8211,TOPPENISH,WA,1,,ACTIVE SMALL FLEET,0,
K3 FREIGHTS LTD,(719) 755-2134,COLORADO SPRINGS,CO,2,,ACTIVE SMALL FLEET,0,
MP TRUCKING CORP,(323) 649-0628,NORTH LAS VEGAS,NV,1,,ACTIVE SMALL FLEET,0,
AGAPE WAY LLC,(803) 665-6554,COLUMBIA,SC,0,,ACTIVE SMALL FLEET,0,
SOUTHERN HILLS TRUCKING LLC,(315) 955-4984,CORTLAND,NY,1,,ACTIVE SMALL FLEET,0,
4 ACES TRUCKING LLC,(442) 271-6751,YUMA,AZ,1,,ACTIVE SMALL FLEET,0,
BARABE TRANSPORT INC,(450) 521-3836,,,1,,ACTIVE SMALL FLEET,0,
KODY SHAFFER TRUCKING LLC,(814) 952-2827,KENNERDELL,PA,1,,ACTIVE SMALL FLEET,0,
GB EXPRESS SERVICES INC,(332) 200-2411,GOODYEAR,AZ,1,,ACTIVE SMALL FLEET,0,
GOOD VIBES TRANSPORT LLC,(513) 501-6053,HAMILTON,OH,1,,ACTIVE SMALL FLEET,0,
DHAWAN CARGO INC,(559) 999-2906,FRESNO,CA,1,,ACTIVE SMALL FLEET,0,
BECERRA JR TRUCKING LLC,(551) 327-7948,WEEHAWKEN,NJ,1,,ACTIVE SMALL FLEET,0,
TROCHEZ TRUCKING LLC,(320) 295-8004,WILLMAR,MN,2,,ACTIVE SMALL FLEET,0,
ROAD MONSTERS PRO INC,(404) 790-1939,ALBANY,GA,0,,ACTIVE SMALL FLEET,0,
LYFE'S GOOD LOGISTICS LLC,(317) 442-9121,GREENFIELD,IN,1,,ACTIVE SMALL FLEET,0,
WALDRON TRANSPORT SOLUTIONS LLC,(402) 705-6196,JUNIATA,NE,1,,ACTIVE SMALL FLEET,0,
RMB ENTERPRISES INC,(319) 558-8482,GOLDEN,CO,1,,ACTIVE SMALL FLEET,0,
MANNA TRANS INC,(661) 203-5634,BAKERSFIELD,CA,1,,ACTIVE SMALL FLEET,0,
4PF TRUCKING LLC,(229) 206-6862,SYLVESTER,GA,1,,ACTIVE SMALL FLEET,0,
ALSEN TRANSPORTATION INC,(240) 565-9200,SILVER SPRING,MD,0,,ACTIVE SMALL FLEET,0,
DIAMOND 3 INC,(208) 449-6611,RATHDRUM,ID,1,,ACTIVE SMALL FLEET,0,
HIGH POINT LOGISTICS LLC,(430) 775-3628,ATHENS,TX,1,,ACTIVE SMALL FLEET,0,
RKK TRUCKING LLC,(531) 888-4034,STUART,NE,1,,ACTIVE SMALL FLEET,0,
DIAMOND D TRUCKING LLC,(907) 321-2635,CULVER,OR,1,,ACTIVE SMALL FLEET,0,
NATIONAL TRUCKING LLC,(320) 428-5043,SAINT CLOUD,MN,1,,ACTIVE SMALL FLEET,0,
MICHAEL WARD,(308) 340-2000,MCCOOK,NE,2,,ACTIVE SMALL FLEET,0,
GILBERT TRANSPORT SERVICES LLC,(602) 326-7576,AVONDALE,AZ,1,,ACTIVE SMALL FLEET,0,
PADILLA NO LIMITS LOGISTIC LLC,(407) 960-9117,ORLANDO,FL,2,,ACTIVE SMALL FLEET,0,
GRANDPA TRANSPORTATION LLC,(346) 309-9867,SWEENY,TX,1,,ACTIVE SMALL FLEET,0,
1556951 ONTARIO INC,(905) 540-1228,,,1,,ACTIVE SMALL FLEET,0,
BEVAPER TRUCKING SERVICES LLC,(610) 914-4244,WYOMISSING,PA,2,,ACTIVE SMALL FLEET,0,
